group,label,f256_ns_per_iter,mpfr_ns_per_iter,mpfr_to_f256_ratio
Trigonometric,tan,1861.4552916666667,2531.1411666666668,1.3597646841146489
